{
    "name": "One",
    "style": "Dark Custom",
    "author": {
        "name": "Rudd Fawcett",
        "email": "rudd.fawcett@gmail.com"
    },
    "version": "1.0",
    "variables": {
        "boldFont": "not implemented yet"
    },
    "editor": {
        "backgroundColor": "#292B33",
        "tintColor": "#A1A8B5"
    },
    "styles": {
        "h1": {
            "font": "Courier-Bold",
            "color": "#D36770",
            "size": 28
        },
        "h2": {
            "font": "Courier-Bold",
            "color": "#D36770",
            "size": 25
        },
        "h3": {
            "font": "Courier-Bold",
            "color": "#D36770",
            "size": 22
        },
        "body": {
            "font": "Courier",
            "size": 17,
            "color": "#A1A8B5"
        },
        "bold": {
            "font": "Courier-Bold",
            "color": "#D19A66"
        },
        "italic": {
            "font": "Courier-Oblique",
            "color": "#C678DD"
        },
        "code": {
            "color": "#95C077"
        },
        "handle": {
            "regex": "[@＠][a-zA-Z0-9_]{1,20}",
            "color": "#78ddd5"
        },
        "url": {
            "color": "#78aedd"
        },
        "image": {
            "color": "#78aedd"
        }
    }
}
