{
    "name": "One",
    "style": "Dark Custom",
    "author": {
        "name": "Rudd Fawcett",
        "email": "rudd.fawcett@gmail.com"
    },
    "version": "1.0",
    "variables": {
        "boldFont": "not implemented yet"
    },
    "editor": {
        "backgroundColor": "#ffffff",
        "tintColor": "#E55D51"
    },
    "styles": {
        "h1": {
            "font": "Courier-Bold",
            "color": "#E55D51",
            "size": 28
        },
        "h2": {
            "font": "Menlo-Bold",
            "color": "#E55D51",
            "size": 25
        },
        "h3": {
            "font": "Courier-Bold",
            "color": "#E55D51",
            "size": 12
        },
        "body": {
            "font": "Courier",
            "size": 17,
            "color": "#A97A00"
        },
        "bold": {
            "font": "Courier-Bold",
            "color": "#D19A66"
        },
        "italic": {
            "font": "Courier-Oblique",
            "color": "#B742B3"
        },
        "code": {
            "color": "#64AF66"
        }
    }
}
