{
    "name": "Solarized",
    "style": "Light",
    "author": {
        "name": "Rudd Fawcett",
        "email": "rudd.fawcett@gmail.com"
    },
    "version": "1.0",
    "variables": {
        "boldFont": "not implemented yet"
    },
    "editor": {
        "backgroundColor": "#022B35",
        "tintColor": "#FDF6E4"
    },
    "styles": {
        "h1": {
            "color": "#2E8CCF"
        },
        "h2": {
            "color": "#2E8CCF"
        },
        "h3": {
            "color": "#2E8CCF"
        },
        "body": {
            "font": "Menlo-Regular",
            "size": 15,
            "color": "#839496"
        },
        "bold": {
            "font": "Menlo-Bold"
        },
        "italic": {
            "font": "Menlo-Italic"
        },
        "code": {
            "font": "Menlo-Italic"
        }
    }
}
